<?xml version="1.0" encoding="UTF-8"?>
<addon id="plugin.video.swefilmer" version="0.2" name="Swefilmer" provider-name="The_Silencer">
    <requires>
        <import addon="xbmc.python" version="2.0"/>
        <import addon="script.module.t0mm0.common" version="1.1.0"/>
	<import addon="script.module.metahandler"  version="1.0.0"/>
    </requires>
    <extension point="xbmc.python.pluginsource" library="default.py">
        <provides>video</provides>
    </extension>
    <extension point="xbmc.addon.metadata">
        <summary>Browse swefilmer.com</summary>
        <description>Play videos from www.swefilmer.com</description>
        <platform>all</platform>
    </extension>
</addon>