<?xml version="1.0" encoding="UTF-8"?>
<addon id="plugin.video.alluc" version="2.6" name="alluc" provider-name="The_Silencer">
    <requires>
        <import addon="xbmc.python" version="2.0"/>
        <import addon="script.module.urlresolver"  version="1.0.0"/>
        <import addon="script.module.t0mm0.common" version="1.1.0"/>
	<import addon="script.module.metahandler"  version="1.0.0"/>
	<import addon="script.module.universal" version="0.0.1" />
 	<import addon="plugin.video.favorites" version="0.0.1" />
    </requires>
    <extension point="xbmc.python.pluginsource" library="default.py">
        <provides>video</provides>
    </extension>
    <extension point="xbmc.addon.metadata">
        <summary>Browse alluc.to</summary>
        <description>Play a wide selection of movies and TV shows from alluc.to</description>
        <platform>all</platform>
    </extension>
</addon>