<?xml version="1.0" encoding="UTF-8" standalone="yes"?>
<addon id="repository.The_Silencer" name="The_Silencer's REPO" version="1.2" provider-name="The_Silencer">
	<extension point="xbmc.addon.repository" name="HELLO Addon Repository">
		<info compressed="false">https://dl.dropboxusercontent.com/u/184275632/My-Repo/addons.xml</info>
		<checksum>https://dl.dropboxusercontent.com/u/184275632/My-Repo/addons.xml.md5</checksum>
		<datadir zip="true">https://dl.dropboxusercontent.com/u/184275632/My-Repo/zips</datadir>
	</extension>
	<extension point="xbmc.addon.metadata">
		<summary>Install MY Addons</summary>
		<description>Download and install addons from The_Silencer.......For OFFICIAL !! Support Visit XBMCHUB.COM</description>
		<platform>all</platform>
	</extension>
</addon>